child,parent_a,parent_b,birth_tick
100,62,82,31
101,61,73,40
102,8,64,43
103,36,77,65
104,1,7,79
105,59,63,81
106,9,13,83
107,32,76,87
108,10,96,93
109,68,93,96
110,11,95,103
111,58,98,110
112,33,80,112
113,26,88,113
114,15,79,142
115,0,24,150
116,6,89,154
117,34,42,154
118,66,72,165
119,12,92,169
120,5,35,180
121,69,73,187
122,28,81,193
123,43,82,194
124,25,57,200
125,36,87,204
126,3,86,207
127,56,61,215
128,1,70,218
129,9,47,218
130,10,39,218
131,74,85,219
132,7,18,236
133,29,98,237
134,60,62,239
135,30,80,244
136,32,88,246
137,20,21,248
138,8,11,251
139,40,52,253
140,63,84,265
141,26,89,271
142,16,64,280
143,65,77,280
144,5,34,303
145,35,71,321
146,73,92,334
147,49,95,342
148,1,85,350
149,9,66,353
150,48,50,358
151,47,86,360
152,17,31,366
153,13,39,373
154,25,88,379
155,8,80,396
156,16,20,397
157,18,68,403
158,24,64,404
159,87,91,420
160,40,77,423
161,5,34,439
162,11,70,455
163,32,35,462
164,15,57,475
165,33,48,479
166,1,74,482
167,9,52,488
168,26,86,488
169,31,39,497
170,36,42,497
171,28,50,506
172,81,95,509
173,16,25,514
174,85,132,524
175,47,80,528
176,8,121,541
177,21,68,557
178,71,91,565
179,32,87,584
180,6,98,589
181,39,57,621
182,9,66,623
183,15,31,627
184,5,7,629
185,26,29,650
186,28,63,650
187,35,138,652
188,11,34,677
189,18,52,680
190,81,95,680
191,48,71,686
192,47,78,697
193,6,36,731
194,8,62,737
195,75,157,740
196,7,20,754
197,63,93,792
198,42,85,798
199,81,88,799
200,28,140,806
201,31,78,835
202,15,77,838
203,6,36,873
204,61,98,882
205,8,11,889
