tick,population,food,births,deaths,total_births,total_deaths,diversity,mean_fitness,food_multiplier,metabolic_multiplier,size_mean,size_median,size_variance,size_std,size_offspring_correlation,speed_mean,speed_median,speed_variance,speed_std,speed_offspring_correlation,perception_mean,perception_median,perception_variance,perception_std,perception_offspring_correlation,metabolism_mean,metabolism_median,metabolism_variance,metabolism_std,metabolism_offspring_correlation,reproduction_threshold_mean,reproduction_threshold_median,reproduction_threshold_variance,reproduction_threshold_std,reproduction_threshold_offspring_correlation,fertility_mean,fertility_median,fertility_variance,fertility_std,fertility_offspring_correlation
20,100,144,0,0,0,0,0.972909953014241,12.860399999999997,1.0,1.0,5.030412492296218,4.947735634747981,2.2042918645141203,1.4846857797238175,,2.307954094703158,2.4509741742357805,0.993382260412259,0.9966856377074262,,87.96109249222133,90.96491298091837,1404.4586277508233,37.47610742527595,,1.0568969185318613,1.0366860940224365,0.058637079599798136,0.2421509438342088,,108.86318855277933,107.38049407796963,510.4043296509328,22.592129816618282,,0.34423117643827383,0.33831830673896834,0.014904452566275912,0.12208379321710115,
40,100,96,0,0,0,0,0.972909953014241,20.7604,1.0,1.0,5.030412492296218,4.947735634747981,2.2042918645141203,1.4846857797238175,,2.307954094703158,2.4509741742357805,0.993382260412259,0.9966856377074262,,87.96109249222133,90.96491298091837,1404.4586277508233,37.47610742527595,,1.0568969185318613,1.0366860940224365,0.058637079599798136,0.2421509438342088,,108.86318855277933,107.38049407796963,510.4043296509328,22.592129816618282,,0.34423117643827383,0.33831830673896834,0.014904452566275912,0.12208379321710115,
60,101,60,0,0,1,0,0.9691040761924208,28.69366336633663,1.0,1.0,5.030091882783403,4.97857893326403,2.1824774716342086,1.4773210455531351,-0.027482731826,2.3015387911819607,2.413170687012825,0.9876624044142933,0.9938120568871628,-0.109079242384,87.79478453984149,90.61173027526688,1393.3189302854707,37.32718754856131,-0.078809355758,1.0585596961853414,1.0425887045983404,0.058332997407736904,0.24152225033676897,0.141113859377,109.03253982227568,107.38123741941237,508.2188066845697,22.543708804998563,-0.017174520956,0.34435604915343565,0.33953416149239685,0.014758443048485238,0.1214843325226971,0.109961162115
80,101,41,0,0,1,0,0.9691040761924208,32.497623762376236,1.0,1.0,5.030091882783403,4.97857893326403,2.1824774716342086,1.4773210455531351,-0.027482731826,2.3015387911819607,2.413170687012825,0.9876624044142933,0.9938120568871628,-0.109079242384,87.79478453984149,90.61173027526688,1393.3189302854707,37.32718754856131,-0.078809355758,1.0585596961853414,1.0425887045983404,0.058332997407736904,0.24152225033676897,0.141113859377,109.03253982227568,107.38123741941237,508.2188066845697,22.543708804998563,-0.017174520956,0.34435604915343565,0.33953416149239685,0.014758443048485238,0.1214843325226971,0.109961162115
100,102,19,0,0,2,0,0.9659238972483957,38.31921568627451,1.0,1.0,5.023674960990439,4.947735634747981,2.1652394990920096,1.4714752798100312,-0.100447517301,2.3027107000837033,2.417122093086257,0.978118150083006,0.9889985591915723,-0.05687012555,88.01953451837585,90.96491298091837,1384.7607086108392,37.212373058041315,-0.003565847307,1.056587968228151,1.0366860940224365,0.05815376410114233,0.24115091561331947,0.046809561211,108.89277070656168,107.38049407796963,505.209345340588,22.47686244431344,-0.065603097091,0.3453096334757124,0.3425764920368329,0.014705594059391732,0.12126662384758526,0.154601161974
120,107,16,0,0,7,0,0.9609630740515765,47.37691588785047,1.0,1.0,5.0723359616857495,5.015267072204283,2.1338787317476493,1.460780179132935,0.000941302837,2.3480074399608486,2.488777661458736,0.9887713631271857,0.9943698321686885,0.185898358427,88.16015101853444,91.31809568656986,1359.5556809802779,36.87215319153843,0.03151527447,1.0516279271380917,1.0307834834465328,0.056914656101449745,0.23856792764629897,-0.082559834109,108.66999104188517,107.37975073652689,495.32450027627226,22.25588686788896,-0.103610422884,0.34814363060248393,0.3471669271831269,0.014793985178688757,0.12163052733047225,0.219530719043
140,110,11,0,0,10,0,0.9574027688626175,53.26272727272727,1.0,1.0,5.049728816022997,5.006649001853113,2.117733214573494,1.4552433523550259,-0.053893973904,2.3512828552547247,2.502052245946577,0.9762068709860056,0.9880318167883084,0.11731140027,88.38162157356399,90.96491298091837,1343.5551143333223,36.65453743171945,0.056561435327,1.0530854726073493,1.0366860940224365,0.056884141883008714,0.23850396617878017,-0.051571164374,108.46522777646268,106.94369351434929,487.55797372414276,22.08071497311948,-0.087859110438,0.34830306036319597,0.3501019823710648,0.014900921728664394,0.12206933164666871,0.150534355893
160,114,11,1,0,14,0,0.9532169373748601,59.46552631578947,1.0,1.0,5.009102463811694,4.988304932382986,2.125158699417146,1.4577924061460692,-0.131204099922,2.3446855713799457,2.502052245946577,0.9808957410957128,0.9904018079020821,0.076477745087,88.90809291577183,90.96491298091837,1354.2657045038407,36.80034924431887,0.101452705067,1.0555136860085352,1.049217030519908,0.05527726500590793,0.23511117584221286,-0.02998930161,108.57260625523563,107.38049407796963,474.13826262190815,21.774716131832996,-0.063686993989,0.34950423545087766,0.3501019823710648,0.014734335427230695,0.12138507085811952,0.092678295015
180,121,9,0,0,21,0,0.9412662426896271,68.83066115702479,1.0,1.0,5.05340536393791,5.039857872598578,2.110572046115297,1.4527807976826017,-0.058123331369,2.354905469241279,2.515326830434417,0.9659524589451483,0.9828288044950393,0.098105009139,88.37858561388936,90.5292845411783,1319.8756339416084,36.33009267730552,0.014250879202,1.059359710110274,1.0425887045983404,0.054775939483850955,0.23404260185669393,0.051273638097,108.20842240338031,106.5076362921717,457.6379367236043,21.392473833654776,-0.097157575986,0.34731950890346247,0.3438937215222538,0.014110336678393643,0.11878693816406602,0.042022585637
200,123,7,0,0,23,0,0.9378787893202186,72.18634146341465,1.0,1.0,5.0345601336612305,5.015267072204283,2.1119372879483373,1.4532505936514657,-0.044048644455,2.358362428006509,2.515326830434417,0.9625175380398294,0.9810797816894554,0.113805204895,88.2578378887203,90.5292845411783,1306.09970304077,36.140001425577864,-0.00204938041,1.0577499560593853,1.0391256931947956,0.054066428580656016,0.23252188839043952,0.01616021636,108.43710953545555,107.37975073652689,453.47623458333555,21.294981441253608,-0.075022125511,0.3486039984921026,0.3456188225812689,0.014050736996958682,0.11853580470456461,0.049816544777
220,125,4,0,0,25,0,0.9334386348963202,74.98951999999998,0.22,1.0,5.04257659522306,5.015267072204283,2.102130345756412,1.4498725274162596,-0.021190771922,2.361849214094524,2.515326830434417,0.953662333725343,0.9765563648481039,0.118411304894,88.85404453101206,90.61173027526688,1309.9898421520684,36.193781816108526,0.048197472749,1.0577385746015828,1.0417389115225641,0.053205118984724686,0.2306623484332124,0.010781296219,108.46284812582644,107.38123741941237,446.374862957912,21.127585355594046,-0.061960324435,0.3479568214661461,0.3456188225812689,0.013898384395228966,0.11789140933600278,0.037333338893
240,130,3,1,0,30,0,0.9268991583255459,80.31461538461538,0.22,1.0,5.005672937454252,4.988304932382986,2.0890850204221088,1.445366742533572,-0.076498938473,2.357492942436663,2.502052245946577,0.9350607475477047,0.9669853915896066,0.097400318213,88.83571221925519,90.5705074082226,1284.4918335525426,35.83980794525192,0.056209856693,1.055727367727492,1.0349545883206641,0.051524690789545455,0.22699050814856875,-0.002460409537,108.36969806212018,107.38176500181137,452.57717807358097,21.273861381366125,-0.080995222253,0.3486978206471372,0.34639287488219794,0.013810526545816854,0.11751819665829141,0.064866675283
260,131,1,0,0,31,0,0.9236116461583622,81.74740458015268,0.22,1.0,5.005209834806485,4.97857893326403,2.073165686853865,1.4398491889270435,-0.077014327613,2.351290965562464,2.488777661458736,0.9329232664750674,0.9658795300010594,0.082643601168,88.7849316474985,90.5292845411783,1275.0217790212178,35.707447108708536,0.040372790959,1.0533220014739915,1.0307834834465328,0.05188352482499587,0.22777955313196105,-0.037933542886,108.17046189591727,107.38123741941237,454.28274694471827,21.313909705746582,-0.111711316255,0.3497806115677176,0.3471669271831269,0.01385751938215478,0.11771796541800568,0.094584253169
280,133,2,0,0,33,0,0.9253800225299893,83.82917293233083,0.22,1.0,5.005333094261787,4.97857893326403,2.0431234995436185,1.4293787110292424,-0.065393135025,2.354744415657886,2.488777661458736,0.9352460392171488,0.9670811957726966,0.097974796262,88.80534544264687,90.5292845411783,1256.1956560707138,35.442850563558146,0.035943113111,1.0518129583401872,1.0303088837621734,0.051265587639598625,0.2264190531726485,-0.034759379003,108.24806370171389,107.38229258421036,447.8459492823153,21.162371069478848,-0.095622631256,0.34962873822983537,0.3471669271831269,0.014060893687430243,0.11857863925442155,0.084842343795
300,141,0,1,0,41,0,0.9202957326165181,90.9118439716312,0.22,1.0,4.997918313015057,4.97857893326403,1.9745985639101684,1.4052041004459703,-0.068856138465,2.356736814718531,2.488777661458736,0.9245035531747301,0.961511078030165,0.125308923765,89.32759834468692,90.5292845411783,1267.4941655842956,35.601884298226345,0.009625773274,1.053607996975671,1.0260355198569968,0.049856570584123086,0.22328584949369965,-0.055573593294,108.24130033822671,107.38123741941237,440.3341269502819,20.984139890647935,-0.08382628638,0.3503641590062512,0.35303703755900273,0.014051019045769258,0.11853699441849054,0.057818530371
320,143,1,1,0,43,0,0.9185270534641484,92.73342657342656,0.22,1.0,4.999555145375458,4.97857893326403,1.9838610286518898,1.4084960165552083,-0.06180538955,2.369825083895369,2.515326830434417,0.924621759464974,0.9615725450869393,0.143416151581,89.23260886844055,90.5292845411783,1267.570487809397,35.60295616672016,0.000686218697,1.0572471198535764,1.0303088837621734,0.05009679979845177,0.22382314401878053,-0.035079273247,108.31394966171041,107.38123741941237,437.01310846366175,20.90485848944359,-0.086572204828,0.34822812990807045,0.3471669271831269,0.01417956697166182,0.119077986931514,0.022786141015
340,146,1,1,0,46,0,0.9154096470858654,95.23143835616439,0.22,1.0,4.996426003818281,4.938148558664787,1.9435783275409078,1.3941227806548846,-0.060322603167,2.3879522944698075,2.5350004434580313,0.927178444904032,0.962901056653295,0.173750039481,89.1444596989664,90.02634935962126,1245.3109798025666,35.288963994463856,0.015630318225,1.0579519429024837,1.0305461836043532,0.0496386345686875,0.2227972947966099,-0.023280661045,108.11893053005535,107.38049407796963,451.233944865304,21.242267884227992,-0.11412739997,0.345947796707176,0.34475627205176135,0.01421549105141972,0.11922873416848692,0.006687292478
360,146,0,0,0,46,0,0.9154096470858654,95.7191095890411,0.22,1.0,4.996426003818281,4.938148558664787,1.9435783275409078,1.3941227806548846,-0.060322603167,2.3879522944698075,2.5350004434580313,0.927178444904032,0.962901056653295,0.173750039481,89.1444596989664,90.02634935962126,1245.3109798025666,35.288963994463856,0.015630318225,1.0579519429024837,1.0305461836043532,0.0496386345686875,0.2227972947966099,-0.023280661045,108.11893053005535,107.38049407796963,451.233944865304,21.242267884227992,-0.11412739997,0.345947796707176,0.34475627205176135,0.01421549105141972,0.11922873416848692,0.006687292478
380,150,1,0,0,50,0,0.9139714870497555,98.69646666666668,0.22,1.0,4.956563687395237,4.895974477269918,1.9570216232161366,1.3989358896018562,-0.056022200712,2.3962656353501743,2.5350004434580313,0.9081289288226159,0.9529579890124307,0.179454973806,89.8724755541194,90.5705074082226,1239.4295838074588,35.205533425975226,0.039369199987,1.0570602460249976,1.0305461836043532,0.04904494535502019,0.22146093415096982,-0.03819778801,108.26756474028416,107.38176500181137,449.84632331687305,21.209580932137087,-0.105284658115,0.34661831979825547,0.34475627205176135,0.014371367956173185,0.1198806404561353,0.001423111523
400,151,3,1,0,51,0,0.9143057061504082,99.56602649006624,0.22,1.0,4.969815063926872,4.916892336231932,1.970401062112844,1.4037097499529039,-0.042360409462,2.4039254906110865,2.5418945458929634,0.9109158373489598,0.9544191099034846,0.183978911023,89.83618444047582,90.5292845411783,1231.41899760776,35.09158015262009,0.037812848881,1.0577207441695224,1.0307834834465328,0.048785583062242316,0.22087458672794913,-0.038940572559,108.40682327707397,107.38229258421036,449.7761496032464,21.207926574826836,-0.110399786118,0.34598024296274,0.3438937215222538,0.014337264641150085,0.11973831734724723,-0.00778746778
420,153,4,0,0,53,0,0.9162851279225662,101.07725490196079,0.22,1.0,4.949615924487668,4.875056618307903,1.9756140883702147,1.405565398112167,-0.04363725462,2.4069261661751473,2.5418945458929634,0.908508134403659,0.9531569306277214,0.180337124048,90.10693959291737,90.61173027526688,1221.6110670504327,34.95155314217714,0.050950239283,1.0564637207257566,1.0307834834465328,0.0484897962086325,0.2202039877219132,-0.053086248841,108.39707440145747,107.38229258421036,444.31258568692317,21.07872353077679,-0.111507830441,0.3463959171472541,0.3456188225812689,0.014166190513246543,0.11902180688111966,0.000201636698
440,156,2,1,0,56,0,0.9103125902974375,103.53615384615385,0.22,1.0,4.9516301130727465,4.895974477269918,1.9570384790696977,1.3989419141156998,-0.049537111828,2.4203388485115322,2.555350793896249,0.9037731986091331,0.9506698683607959,0.179106669144,90.2167945312828,90.96491298091837,1210.3083724588973,34.78948652192063,0.060607459907,1.058087402290943,1.0349545883206641,0.04873475330239392,0.22075949198708064,-0.034072463708,108.2422312213439,107.38176500181137,439.21250063090235,20.957397277116794,-0.108040433136,0.34391923328409346,0.3417139415073253,0.014250387458980022,0.1193749867391826,-0.024088972398
460,156,3,0,0,59,3,0.911965434738497,107.60589743589743,0.22,1.0,4.971799922041941,4.924091481482334,1.9806463918438446,1.4073543945445457,-0.024575151746,2.428735347446004,2.5818632282227263,0.9095291028065771,0.9536923522848325,0.187924553197,89.67451443254653,90.5705074082226,1219.9347579146738,34.92756444292493,0.051515780068,1.064665555053487,1.0421638080604523,0.04866741920943202,0.22060693372927337,-0.015315865148,108.31390395675236,107.38176500181137,436.44019890841747,20.891151210702045,-0.135359332205,0.3409845501720026,0.336582408769078,0.014331002076573554,0.11971216344454541,-0.056030144078
480,156,2,0,0,60,4,0.9082978031574181,109.24820512820513,0.22,1.0,4.95618219975263,4.895974477269918,1.9725795309707548,1.4044855040087652,-0.02636043215,2.417400393906069,2.568051761731363,0.9091912238351774,0.9535151932901632,0.195316914572,90.32711895749384,90.96491298091837,1216.917379393696,34.88434289754783,0.047157513378,1.0627130681619394,1.0421638080604523,0.047949990370543843,0.21897486241699946,-0.012547482451,108.22396650393537,107.38176500181137,440.3192308384538,20.98378495025275,-0.146025225969,0.34165288531822624,0.33831830673896834,0.01436832248249906,0.11986793767517258,-0.061283481862
500,158,2,0,0,62,4,0.9065201240648808,110.77386075949367,0.22,1.0,4.949462604688781,4.895974477269918,1.9583195234371655,1.399399701099427,-0.025083139308,2.407294701511284,2.555350793896249,0.9076622156836943,0.9527130815117919,0.181591142922,90.66945583063723,91.68208173355242,1215.9847139007634,34.87097236815692,0.06235170409,1.0630240242406068,1.0421638080604523,0.04745670626072651,0.21784560188520335,-0.007424523492,107.79433556004655,107.38049407796963,449.14916176921724,21.19313949770579,-0.157402890024,0.3409124808738194,0.33831830673896834,0.014269744681673616,0.11945603660624948,-0.068801845221
520,160,1,0,0,65,5,0.910890053029672,113.49712500000001,0.22,1.0,4.9635131430831185,4.938148558664787,1.9440975549627844,1.3943089883389492,-0.015899667292,2.419195618840904,2.568051761731363,0.9079427590005327,0.9528603040323029,0.203078133355,90.73692535019111,90.96491298091837,1209.4983838107175,34.777843288661785,0.068468065471,1.0649365471505576,1.049217030519908,0.04688762357765574,0.21653550188746357,-0.02165158804,107.60646987799953,106.95394487947863,450.8489701429292,21.233204424743082,-0.152625273221,0.33994708235140375,0.336582408769078,0.014168031861188706,0.11902954196832274,-0.090147114954
540,162,1,2,0,68,6,0.9141807731571852,116.14876543209876,0.22,1.0,4.956063888455428,4.938148558664787,1.931057181185396,1.3896248346893474,-0.00981062273,2.42643013867812,2.5818632282227263,0.9012057490644834,0.9493185709046692,0.214210561925,91.55665370808389,92.20002830672647,1210.5013061460627,34.79225928487632,0.059707118177,1.0630619533493695,1.042538668972044,0.04671299656684209,0.216131896227378,-0.028742399724,107.62498767210657,106.95394487947863,459.0196430585943,21.424743710452976,-0.140323797205,0.3418482405151767,0.33831830673896834,0.014218474882359208,0.11924124656493326,-0.078918966563
560,163,1,0,0,70,7,0.8960289537462679,118.06361963190183,0.22,1.0,4.9427889618782315,4.931290626732736,1.9370657067290882,1.3917850792162876,-0.01822789721,2.427280400149829,2.5892128201756495,0.8921443332732815,0.9445339238340154,0.222508665726,92.36006082203151,92.69155981806456,1207.6797699066606,34.751687295822926,0.052798882787,1.0607967738315,1.0424886333457475,0.04703633305440966,0.2168786136400029,-0.045334915645,107.50933091918267,106.52813902243037,457.08844462878545,21.37962685896986,-0.128290673857,0.34229057740962004,0.33953416149239685,0.014122986633348548,0.11884017264102467,-0.061786971402
580,163,2,0,0,70,7,0.8960289537462679,118.34950920245397,0.22,1.0,4.9427889618782315,4.931290626732736,1.9370657067290882,1.3917850792162876,-0.01822789721,2.427280400149829,2.5892128201756495,0.8921443332732815,0.9445339238340154,0.222508665726,92.36006082203151,92.69155981806456,1207.6797699066606,34.751687295822926,0.052798882787,1.0607967738315,1.0424886333457475,0.04703633305440966,0.2168786136400029,-0.045334915645,107.50933091918267,106.52813902243037,457.08844462878545,21.37962685896986,-0.128290673857,0.34229057740962004,0.33953416149239685,0.014122986633348548,0.11884017264102467,-0.061786971402
600,160,2,0,0,71,11,0.9109750581918569,122.00749999999998,0.22,1.0,4.957076372023393,4.961792711930435,1.9465027189094204,1.3951712149085576,-0.0193147875,2.4182077631731294,2.568051761731363,0.9024658682365579,0.9499820357441281,0.233102518206,92.54383836905278,92.7257938621701,1204.7280294571617,34.709192290474896,0.050135768488,1.054721124815683,1.04043230235868,0.04582107873073936,0.21405858714552742,-0.020163470961,107.55849615597822,107.38049407796963,461.7579078494424,21.488552949173716,-0.122157374955,0.34402353850149764,0.3426859716481734,0.014178077810321637,0.11907173388475384,-0.077052659644
620,158,3,0,1,71,13,0.9062777218024366,123.70006329113924,0.22,1.0,4.93770294551886,4.930949413414385,1.9407628688253848,1.3931126547502843,-0.007979660741,2.4127233425439933,2.568051761731363,0.9017443891689538,0.9496022268133926,0.240485002585,92.48001310842662,92.7257938621701,1197.893551444729,34.61059883106227,0.052348428528,1.0549848451843653,1.0408071632702716,0.04639474814222831,0.21539440137159627,-0.021270515388,107.55027931135463,106.95394487947863,467.5889208449209,21.623804495160442,-0.122370391644,0.34464287462949705,0.34639287488219794,0.014305617370719474,0.11960609253177479,-0.081833605623
640,155,1,0,0,72,17,0.9183451444205993,127.56193548387095,0.22,1.0,4.923584348336693,4.916892336231932,1.9228392171686877,1.3866647818303772,0.004522054705,2.410154520327991,2.5745136362698027,0.9033203328552144,0.950431656067502,0.247783009223,92.62207589960826,93.65538880675517,1210.011502576992,34.785219599378586,0.046053516694,1.0569909701923876,1.0424886333457475,0.04756124736580212,0.21808541300555184,-0.0206685548,107.53133593640122,106.52813902243037,467.3779485415459,21.618925702762056,-0.128297850298,0.3427089764649106,0.33953416149239685,0.014463625545682339,0.12026481424623886,-0.074500823021
660,156,3,1,0,76,20,0.9137824139923633,131.9971153846154,0.22,1.0,4.938347631218766,4.961792711930435,1.9221821745729777,1.3864278468686995,0.007261840549,2.413309700941394,2.5818632282227263,0.9105760256318143,0.954241073121365,0.248903847439,92.86896775606361,93.81002404212524,1218.4615952024074,34.90646924572016,0.056258839834,1.0607768837474036,1.0515089968770128,0.04794604888765576,0.2189658623796316,-0.017960705154,107.17436135176028,106.42108071971356,464.69343881233664,21.556749263567934,-0.13510341842,0.34132313441402445,0.33831830673896834,0.014228299782882222,0.11928243702608621,-0.082588886581
680,154,4,0,0,79,25,0.9073613344544673,137.66305194805196,0.22,1.0,4.917739314314212,4.930949413414385,1.9224488181790664,1.3865240056266845,0.007497001475,2.432204945182348,2.604979607396518,0.9108881264759648,0.954404592652385,0.246584649944,93.22612067418504,94.47059079185125,1202.3420835476488,34.6748047369794,0.06777600837,1.0615140566880954,1.0515089968770128,0.04825230275062619,0.2196640679551988,-0.033014489961,107.00977753013548,106.50487909978055,466.6746670943893,21.60265416781904,-0.132318186605,0.3438174697440468,0.3426859716481734,0.014347256435250151,0.11978003354169739,-0.08427690318
700,151,4,0,0,79,28,0.9152299112896986,140.61119205298013,0.22,1.0,4.922045783813407,4.945006490596839,1.9476916736439436,1.395597246215377,0.004983346849,2.4163215505162734,2.5892128201756495,0.9159911969609958,0.9570742901995622,0.263955063031,93.18082625324058,94.9765223062072,1214.1650714118168,34.8448715223893,0.069668725182,1.0629936986795887,1.0558453564414756,0.049009584461706265,0.22138108424548442,-0.038918322779,107.28126572944203,106.5076362921717,467.2833310487963,21.61673728962806,-0.144993618547,0.3443544492707146,0.3456188225812689,0.014181690596692921,0.11908690354817746,-0.089975426862
720,150,3,0,0,79,29,0.9178148582754866,142.00653333333332,0.22,1.0,4.926326539490015,4.961792711930435,1.9579092295579859,1.3992530970335517,0.002416216089,2.4131348387662563,2.5761579804913968,0.9205643800423033,0.959460462990687,0.267600956789,93.20835262913182,95.19982091609023,1222.1450923144034,34.95919181437699,0.069171531907,1.0626852056150882,1.0515089968770128,0.04932194466118673,0.2220854445054577,-0.037843186099,107.11928682045036,106.50487909978055,466.4367410451108,21.597146594981265,-0.139620376531,0.3433787231903522,0.3426859716481734,0.014132476951702081,0.11888009485066069,-0.083716831124
740,150,1,1,0,81,31,0.9140134280533463,145.1064,0.22,1.0,4.915839012136641,4.947735634747981,1.9534432088635898,1.3976563271647253,0.002277832525,2.41273560161607,2.5761579804913968,0.905537595697992,0.9515973915989849,0.273232948869,93.4436451143403,96.01437368981865,1230.3644673149865,35.07655153111529,0.066283737761,1.0656109395483677,1.0559759350133906,0.048710495539714266,0.22070454354116562,-0.042365054205,107.10690446521143,106.42108071971356,461.35058717987306,21.479073238384217,-0.141038231234,0.34231978537398094,0.33964364110373735,0.013992539056668288,0.11829006322032416,-0.086856333592
760,148,2,0,0,81,33,0.9139980056329724,147.31216216216217,0.22,1.0,4.900731773236279,4.895202602243368,1.9560861145418782,1.398601485249418,0.011498263145,2.4000148916836723,2.5623465140000334,0.9042103391563403,0.9508997524220628,0.287990007966,93.74371378916095,96.72851319840234,1232.6231842122334,35.10873373125601,0.059714243726,1.065603111318499,1.0559759350133906,0.048647864312839205,0.22056260860091223,-0.042853279229,107.16365133681326,106.50487909978055,467.24143007448555,21.615768088931876,-0.144005038167,0.3440547763474266,0.3426859716481734,0.013942123303976166,0.11807676868874828,-0.100530376823
780,146,7,0,0,81,35,0.9218006090134155,149.5717808219178,1.0,1.0,4.899058357477568,4.895202602243368,1.9776402126283814,1.4062859640302114,0.012596109903,2.3887879448667855,2.555350793896249,0.9072460771514502,0.9524946599070517,0.301071349767,93.40458567855127,96.01437368981865,1240.4183195608725,35.2195729610805,0.068526865444,1.0657152981056246,1.0559759350133906,0.04931029067572897,0.22205920533886672,-0.04350452955,107.17607240359682,106.50487909978055,473.0602703949106,21.749948744650194,-0.145306130218,0.34435568214286094,0.3426859716481734,0.014104391597839702,0.11876191139350908,-0.103318503516
800,143,9,0,0,81,38,0.9223339210422292,153.28664335664334,1.0,1.0,4.909212346614752,4.916892336231932,2.0010112707348764,1.4145710553856516,0.006455607728,2.373386507798259,2.5418945458929634,0.9116880717394115,0.9548235814743011,0.320011265721,93.67102699756828,95.42311952597328,1242.8695281870596,35.25435474075592,0.063088409919,1.0679872659960488,1.0561065135853056,0.048839852405474636,0.22099740361704395,-0.05353618652,107.15863589573381,106.50212190738941,466.9721634029766,21.609538713331588,-0.148232378019,0.3460942513417259,0.3456188225812689,0.014042034533064945,0.11849909085332656,-0.118322884129
820,144,13,0,0,83,39,0.921460414950537,155.46249999999998,1.0,1.0,4.889122912250932,4.895202602243368,1.9665155655884665,1.4023250570350894,0.018030881976,2.3809332122653233,2.5455031232462693,0.9136436455916098,0.9558470827447295,0.321427927764,94.38280436083886,96.72851319840234,1263.3159874573644,35.54315668954242,0.058512226417,1.0677299862072223,1.0559759350133906,0.0486941522656654,0.22066751520254493,-0.045159592855,106.53756893957535,106.21228192063381,475.68350302217823,21.810169715574848,-0.140840559371,0.34514441580689,0.3426859716481734,0.014088759666678627,0.11869608109233694,-0.123830536368
840,143,11,0,0,84,41,0.9200206925691137,158.98944055944054,1.0,1.0,4.880618531411474,4.873512868254805,1.983301563148756,1.4082973986870657,0.012044049801,2.370182665261045,2.5281063410230997,0.9100292365865286,0.9539545254290315,0.336194122146,94.34693046064223,96.60562785366405,1278.2041141791226,35.75198056302787,0.067339554503,1.0696187664002537,1.0561065135853056,0.04862222727230356,0.2205044835650821,-0.055341719742,106.17520606648328,105.80865357162081,478.7986252343781,21.881467620668822,-0.13595374589,0.3434853725249671,0.3397531207150779,0.013936018147080653,0.11805091336826096,-0.111137116511
860,140,11,0,0,84,44,0.927367589103647,163.07664285714287,1.0,1.0,4.8839403339407435,4.864670508728421,1.983451829146685,1.4083507479128503,0.010216359773,2.3542516367739967,2.5217165857287585,0.9054901262021171,0.951572449266012,0.357884913851,94.37137775483787,96.72851319840234,1276.6737888388664,35.730572187398096,0.068041228248,1.0673230563275524,1.0559759350133906,0.04910665192561019,0.22160020741328332,-0.047082934971,106.10471678101635,105.67191482723484,485.62052972758204,22.036799443829906,-0.13473029367,0.3438097487733034,0.33964364110373735,0.013989132817093233,0.11827566451765652,-0.11538032136
880,137,11,0,0,84,47,0.919453931900301,167.45255474452554,1.0,1.0,4.905348595163007,4.873512868254805,1.9822087754415252,1.4079093633616921,-0.003066424154,2.359684487657429,2.5281063410230997,0.9114105060169406,0.9546782211912769,0.358584298945,93.69529645974683,93.9646592774953,1279.228781471098,35.766307909415225,0.086052322609,1.068214998511848,1.0561065135853056,0.04959327267549828,0.2226954707116835,-0.051310627638,105.8292475111222,105.17021866492021,488.468319811065,22.101319413353245,-0.125886602978,0.3447580187955216,0.3397531207150779,0.014003430296981163,0.11833609042460869,-0.124661303146
900,136,12,0,0,85,49,0.9309110729397788,170.66448529411764,1.0,1.0,4.882671315011058,4.820920108635779,1.999806362981722,1.4141450996915848,0.000406936587,2.3638026000462244,2.5350004434580313,0.9111511437443168,0.95454237399097,0.364195409395,93.96999632127621,95.28514356557967,1300.4505440375808,36.06176013504583,0.0916019724,1.0706009374988827,1.0566292177035088,0.049425310021576546,0.2223180380031646,-0.06368519054,105.66697731880606,105.03436806630575,493.20798850932516,22.208286482962283,-0.128667746099,0.34217029393003556,0.33831830673896834,0.014002318696378106,0.11833139353687214,-0.117675318585
