id,x,y,age,energy,parent_a,parent_b,offspring_count,food_acquired,birth_tick,size,speed,perception,metabolism,reproduction_threshold,fertility
0,0.0,595.0586175840544,941,76.30094059479828,,,0,0.0,0,3.217376984464849,0.6844876967665132,42.29839998282315,1.3938290805620879,105.95073840023619,0.37081906538741605
1,194.6644071001188,0.0,949,98.87713488266155,,,1,60.0,0,6.981173408830709,1.392600681140264,147.73162130838523,1.2886573004833866,136.60464932341642,0.47611367118516157
2,5.529503492639396,192.1863937015184,907,108.85106913589195,,,5,180.0,0,6.147620795366112,2.445907138574173,115.43301130307462,1.0541403911478833,129.71126303342274,0.3321861276697182
3,729.8320762551081,759.2680653425317,939,44.621582935151956,,,0,0.0,0,6.386252438807334,0.7393976871291535,95.33718158808179,0.8122273198494769,118.74382841083582,0.5047609951880496
4,406.921211313868,760.0,943,33.74878195737082,,,1,30.0,0,7.549463955762801,2.1174804290353144,43.453457090778485,1.1673579058020909,116.67304923518437,0.350290288293395
5,406.8029356839604,561.5674240867941,934,65.85946581688113,,,2,30.0,0,3.4867576317366993,0.7960337554746186,117.16859531853207,1.1217594314060262,95.53059672388758,0.40949229918129615
6,555.4033195976402,475.29464725391716,924,95.23882763731923,,,6,300.0,0,3.8691484046668685,2.9122313871591397,78.80436180072738,0.9669936957925918,102.28101662122516,0.5269588128615184
7,192.83429107562313,760.0,974,177.89264115974476,,,5,270.0,0,7.153227387382624,3.4488173120608447,64.0408202325875,1.3235626907340456,108.24991209402617,0.23065487470012608
8,445.2602774573875,0.7666310063364875,1056,53.79610132114492,,,1,30.0,0,7.899638334439243,1.7029560568356663,40.76558329360157,1.1515761906795272,102.75534401277609,0.4157947253070825
9,464.3513387050797,0.0,1026,47.037249583386505,,,0,0.0,0,7.083572601435523,1.5067051220486216,28.443957446856786,1.4147619090008536,132.3865208426476,0.3473864968032512
10,342.37060922842505,106.73214417785566,1019,102.25350112607742,,,4,180.0,0,3.7603108876543976,3.915810283484699,51.826299941794474,0.7118732752467667,75.32413925878976,0.5022804943373761
11,582.7381582872299,534.5435664168568,1023,46.8437778950099,,,1,0.0,0,7.415529813973538,0.6225762860805495,149.96486621265566,1.3424939709163177,97.41933525882699,0.25863256855315603
12,931.1376579036574,463.5931897339766,926,75.16539974050225,,,2,60.0,0,5.445617024495762,1.4984629991260454,131.3932969236139,1.121236076821484,85.38375061877434,0.46653726339766954
13,1013.350434053607,760.0,1051,46.070694788027346,,,3,60.0,0,6.941296481759597,2.5031314985508364,60.282708966422646,1.3234993431887383,93.57512670236366,0.16157544837142512
14,78.57284770612529,548.0945728211158,1016,57.58325943434567,,,3,60.0,0,6.035476090160204,0.6761864595215257,87.57320494922519,0.8039894651174426,107.96050401307564,0.26802256207774927
15,1200.0,0.0,955,88.80572607751289,,,2,90.0,0,7.78308538307731,2.24143601708313,77.11904578889192,1.2719283044572587,107.35584797975605,0.4217704501469026
16,92.54104056277266,760.0,915,197.61909230452125,,,5,360.0,0,5.942703583703184,3.7582091404660956,57.660499369401755,1.495643378818919,84.54079071970354,0.3332191195375041
17,592.0466812214696,607.9209083872063,919,171.54861025650195,,,5,360.0,0,5.722913410448947,3.2634125710984057,96.02543391403233,1.30216547263464,107.39161482790578,0.4548275971073271
18,1019.9397338743549,760.0,977,81.77620078126942,,,3,90.0,0,5.562320688410537,1.8306365616682316,42.826346209811646,1.1292020227485862,80.47028586710968,0.19304342501741317
19,956.4381603474122,741.0092541174831,973,131.40121239241086,,,5,300.0,0,4.595381828952709,3.100076260663544,119.11556903680312,0.7154739092976021,134.93989815063375,0.5083146443310264
20,0.0,585.1873163062882,1001,107.7154872738918,,,2,180.0,0,6.501095070925221,3.5749141569687772,60.94915279408532,0.7881980956836199,141.69495302086878,0.19157029436055248
21,847.2363406430112,290.83560431474893,1077,99.47337554110324,,,0,60.0,0,4.1998039110884315,1.4126749952250843,113.19041014335158,0.725899493096996,128.3338858992265,0.4539404812130804
22,1200.0,244.04410184600164,1024,88.13073720912787,,,7,150.0,0,2.955373171600327,3.0672658216934887,36.2632652750599,1.4804547126901517,107.36872028853244,0.3079807057605064
23,396.9603486125932,270.1875409899904,954,40.51353485265017,,,2,30.0,0,5.381777189629695,0.8868637399436838,140.91604222505964,0.7601345214335,70.27098770116184,0.19253474734978537
24,938.5831120157715,457.03318450916476,984,116.0035451474699,,,5,150.0,0,3.1152298391158615,2.092514154055962,113.89868799909377,1.0376115599524587,96.51695764341859,0.5326691050747449
25,1014.496869979992,723.4150082164074,1019,33.7473714331657,,,2,60.0,0,7.785853152348529,3.284599935235563,33.729664035378505,1.1308287721210006,106.55123726957397,0.5493171127115144
26,145.93044433076255,190.61634896444474,1018,117.50798263396688,,,4,180.0,0,7.43657957737627,2.1645582314273843,143.95074106398022,0.7814812036602183,123.04246866620484,0.17413297202848182
27,71.95760014750289,531.1889465050664,986,87.68715479589129,,,5,150.0,0,6.060392705643102,1.764775094050154,117.54165571828587,0.7234292042366909,83.74598248122824,0.2767652663864804
28,701.6455153501752,759.1375189337768,1016,103.63528751242518,,,3,90.0,0,2.6315901471475236,1.0291995077288385,53.309548435883315,0.9116468175787742,108.99594435914412,0.43202671811057225
29,869.0348824078033,389.4857774000584,1002,151.34787456346052,,,2,120.0,0,3.966366265047183,1.4024135955467025,25.292210103939386,1.4776033058124356,89.2324838038275,0.5233732866819074
30,261.4772939671616,759.8982435886442,1022,56.30339546897166,,,3,60.0,0,4.202164750394115,2.5208246796830744,57.80431771365906,1.219455215836566,84.66983926939577,0.218367918797027
31,0.0,760.0,1017,64.61065303356523,,,2,30.0,0,5.322189196255417,0.8097015098171985,25.479277569748,1.2326387149808093,101.63464448910912,0.3866713366998732
32,53.26398199081201,753.4817879409748,948,63.52700548511265,,,3,60.0,0,3.105294917382059,2.4067984339900397,118.88675074927146,1.4941676258067085,84.23193229820464,0.5006883838273831
33,391.52374380582023,448.30487359030366,1008,134.93099150472275,,,2,120.0,0,3.4490127513083424,2.060792603406856,69.1485450452135,1.1534418861912674,148.8033064533796,0.2641848915787307
34,1200.0,516.6483150059572,935,125.07843955939487,,,2,150.0,0,6.755793169324411,3.0003271570491963,52.512978607397685,0.8593466975428798,122.98641022160731,0.18681326451136354
35,62.59862270818792,759.6581885846404,1002,103.34687733480891,,,3,150.0,0,4.711600219817456,3.7951246992404193,36.485499080998096,1.0402686427013057,142.41643975882374,0.3796488741923475
36,1194.5629273101426,440.1746727856267,992,59.28729698132893,,,2,60.0,0,6.956937059485863,0.695239145967188,73.33044399011943,0.6752463292498121,112.21086232157982,0.2822749917853776
37,161.54837070972897,3.289150489651434,1070,97.4105810736302,,,7,180.0,0,5.7031707554346855,2.501116735455696,88.39251671362294,1.492462699043619,92.46291000751023,0.29690415027767425
38,0.0,0.7355606527487089,1000,93.48502841773711,,,0,60.0,0,4.14974433295014,3.2017371550747966,38.77460687168247,1.4369288493140435,140.51348122288078,0.2467548581633911
39,1181.692705179111,569.6001768101702,1048,112.45289788289384,,,3,90.0,0,4.1812303307698935,0.6430409607064066,149.00447457956437,1.2379665226425565,129.4863112098197,0.15840117380939808
40,0.0,732.0465923812569,939,127.09934445230043,,,3,120.0,0,2.6513337121718585,2.701897374910548,73.61703619884894,1.3829389304764867,145.91437997406092,0.4534598861995598
41,1200.0,466.71231534064833,930,85.32806512204918,,,5,300.0,0,5.0895469398944515,3.8574692199748704,122.86213478046628,1.0499987864994582,109.25365046473897,0.2851757768935238
42,1187.027560877434,658.2133780112122,966,73.2826671737683,,,5,120.0,0,4.898595625205207,1.67433105613656,147.6934942904123,0.7814569465949527,89.58965577840053,0.2334973294213611
43,241.96091245698443,271.0992509009811,1061,61.66925648662131,,,2,30.0,0,4.572935430275814,1.3018665333959303,72.69932295236768,1.461701883665313,70.79741635487252,0.20621515986806518
44,1200.0,43.544489009028595,903,123.0775046410171,,,3,240.0,0,7.227642840627897,2.9108556465324056,94.21748115578757,1.4193865797730927,117.59966783366451,0.5148513117372479
45,318.42670936716223,396.63544407055485,1047,72.99609613391014,,,2,60.0,0,7.53652057838056,0.5984487937703404,102.06884892912578,0.8815111830305338,91.42684817974242,0.18428972827402673
46,97.67708106288859,0.0,993,68.80557302892284,,,3,60.0,0,2.796524929651892,1.7361861721160987,45.30688250951576,0.933997109465429,89.21269486451925,0.3764333889921174
47,689.1290014096464,637.9780489743965,977,113.8759365360393,,,5,210.0,0,5.6071159182198915,2.504355176676745,94.73803653580865,1.1144915329661995,129.26683544549968,0.452357643967779
48,19.749517014571783,698.8569393876076,961,112.46569194919513,,,6,150.0,0,6.822601208048189,0.9815390246041935,128.74294855330226,1.2886002929476261,104.259447959071,0.2525261040248562
49,858.7649351922194,132.61124782077349,964,144.23926425453195,,,2,180.0,0,5.4131687829240365,3.5649492609656983,63.336791680706014,1.0912118367157793,106.76816705092443,0.3116485827845144
50,1108.4513769634862,435.8400090684106,1060,121.81287371798932,,,4,120.0,0,2.9656074363492,1.6439779039050502,108.37004439885519,1.3936608200430882,114.32708118203142,0.15530015300628616
51,922.74925311147,728.300789280779,1053,60.683942092335194,,,2,90.0,0,6.543559557153832,3.3183736092592633,139.20651163932703,1.4818132621871563,134.43060496615857,0.17195994243653176
52,1200.0,721.0217304071166,1018,148.06620410420757,,,8,270.0,0,4.86936564995405,3.274358785410883,65.03856055455958,0.913393129819505,80.39696665453883,0.33700930412370356
53,85.98585888866276,760.0,940,78.35034591831955,,,3,60.0,0,2.8955210607021518,0.8542623231794872,99.1759124969742,1.014731480119033,101.35664225896846,0.28997636895720935
54,725.1821406752262,193.69249827196307,973,135.25846807665252,,,6,180.0,0,4.3178473621324605,1.272496370452108,145.6983147341125,0.9235994491903763,96.68218231281156,0.1663912065880774
55,985.911864372907,608.500922398959,1023,126.56642470789342,,,3,120.0,0,4.122000195569473,1.7699441429191218,26.69237553470021,1.3827364862527545,130.48029503498628,0.23656408442000892
56,673.5312590577154,262.7622908067957,1070,229.55212981837175,,,7,390.0,0,2.742457470968401,3.8837055209215032,118.14455220157848,1.3723713273250069,98.89299906199713,0.21883723707139552
57,1200.0,704.4615076025572,1050,149.10123633249628,,,4,210.0,0,6.303122689791419,2.4529511082339477,131.0938671118128,0.7230694551659956,80.41806933154207,0.1889532893468552
58,0.0,742.7559717108061,1053,56.02643884737402,,,2,30.0,0,5.594331677015369,0.8921927586068865,120.26271600749816,1.035664860594455,101.90156894037517,0.26994005419593214
59,763.1347615968562,15.072352295204501,1032,104.513145971551,,,5,120.0,0,3.0930144169858544,1.1323608754370706,74.08618148689351,1.0965550569359563,91.20238860067012,0.46626564055791386
60,1200.0,751.4302645909303,1060,73.48855755785361,,,3,60.0,0,5.6926317117332275,0.7677257370547295,43.10093290505299,1.152437818135327,103.88440459737635,0.5306291196660744
61,201.29445966634617,580.3940327013885,1003,86.06452902046261,,,0,30.0,0,4.110379124538177,1.0395012049378565,98.3931152396566,0.9620802452633461,121.87514453511736,0.37214395378215964
62,996.6670320518003,287.4122975597938,929,227.85156565222184,,,3,270.0,0,5.087800291235042,2.336301593526069,113.55565540208993,1.3373063036333417,123.65610041371184,0.5110901292296671
63,455.03090197723276,501.14541471916175,978,187.46418447933584,,,4,240.0,0,5.183312909396317,1.7541733246026863,114.21189902188318,0.7048497377439178,110.0880098614515,0.18439547887384838
64,1036.5615731024516,199.96837650836568,923,48.570046039043845,,,0,0.0,0,4.765190574580942,1.527826317014493,41.96888004909497,1.093438595051381,119.31822836579657,0.21848367860929993
65,53.1444634656128,258.69487842092855,1031,229.44675309525954,,,7,390.0,0,4.883402406553105,3.6785267041444456,141.46312472248684,1.4845316986964079,111.12699994313044,0.34769840028456384
66,528.4390472839681,448.9801986704864,915,120.47324911745889,,,1,60.0,0,3.2865317730251524,0.6895021697139958,116.43104992529913,1.4834456387594739,128.1482037720101,0.15244160571957446
67,247.35753642477184,47.68202307340893,984,95.58265844379628,,,6,150.0,0,5.898505918803518,2.2116542198288833,77.66751294460914,1.457836543318641,88.01045339529105,0.5056021761727355
68,1.5838581224430088,467.1140295630626,1004,104.89759239631869,,,7,330.0,0,4.265066040289795,3.8877528524568445,148.45729772955121,0.8449897875002459,114.35307266945149,0.3716639442906813
69,315.99042660984446,386.9090094848655,988,54.26434802569127,,,3,30.0,0,3.0926605781249945,0.8581798475357563,45.644328101324774,1.323241103095218,82.00724203547,0.30008558643928473
70,604.9874137672102,490.355163227787,961,167.56096381515064,,,4,240.0,0,7.036350277821189,2.8954371820751486,80.4385208986964,0.9313373654662096,94.83754603789376,0.40122734230392876
71,883.4264501047469,391.00572285855174,923,103.09154818083017,,,1,60.0,0,3.4976152609997513,0.9992787088015307,130.9532601508012,0.9423003153172754,107.55541360723093,0.22579190538391325
72,1122.7464713076283,610.1342412593302,1031,108.62173769445526,,,5,120.0,0,3.033905654806463,1.3442990521826361,125.51114900479934,1.330816139703972,129.947577662088,0.2519346512781734
73,597.7319925142593,466.8567796459816,996,158.23522829052544,,,0,90.0,0,4.082596619192081,0.5919116374772535,50.71990108266017,1.1423763501322013,109.1859743815883,0.2935716029519349
74,1200.0,208.59848294313343,926,94.46692217456803,,,2,60.0,0,2.847597215288535,0.8165039366056182,49.31855088322199,1.0083627091199359,87.51632417007839,0.21097715223633204
75,2.2343150790026396,410.5376898487464,1009,138.8431057903946,,,6,240.0,0,5.336757220587355,2.453367168450684,81.88937521518358,1.3910045394112807,88.99010129044001,0.3651382109787944
76,926.7126899002895,36.24805861920544,981,141.42860623057808,,,1,180.0,0,6.4809941459040985,3.5331852177048266,116.70676233329584,0.8684225326782484,149.4208081393876,0.17579561531498208
77,64.77359738443154,257.31841770102625,903,131.33200437836084,,,3,120.0,0,5.302391435948813,1.4247193449105833,119.93887367162993,1.3771715975987435,133.33775736561518,0.5201141420612654
78,731.7722766251438,614.3470292874133,968,152.90894180885869,,,6,240.0,0,7.8249394817126605,1.7021377602792178,142.839780521104,1.093645916488641,113.46378224809726,0.44596597957009476
79,1017.2853717500108,381.2816539193653,1016,80.20001685474763,,,4,150.0,0,4.632090241117562,3.5122438877783986,36.95910730759839,0.7525165836994424,87.49966484624542,0.37634067487328937
80,0.0,228.64741281565094,950,17.484331970025046,,,1,0.0,0,7.651067694963522,0.7240291097726177,49.28152439962453,0.7274640531998868,81.23631728060434,0.48754462493139195
81,0.0,760.0,1031,78.78814078669276,,,5,240.0,0,5.6415285689858665,3.8255584022108957,43.36926081360679,1.4585725054633876,90.44604277298475,0.38292361572532774
82,971.955885728503,502.0762168742231,940,221.50274249366268,,,5,480.0,0,3.1471712046354723,3.511619687477488,149.79219585845027,1.415037163429255,101.18884959696595,0.47212464797341025
83,971.9994162499346,424.5566294572996,1020,92.66852907015601,,,0,30.0,0,4.973254209639032,1.2040033058465183,133.71924730604638,1.3452344914554357,146.7383405210042,0.23378670259624407
84,655.0053131095951,296.62316772164803,997,127.52966513871996,,,1,120.0,0,5.17622023974986,2.65400820486924,42.78172641163635,0.9255363705546702,147.55003645287337,0.5279172494324874
85,1052.5269236997729,294.23091480294255,1042,98.10711458936784,,,4,120.0,0,5.735794205550377,1.9263748804151577,131.20015978118448,1.1833128964501007,112.53247997231442,0.42714244769286014
86,1199.877825146099,0.0,1074,82.54236276391849,,,1,30.0,0,4.811683628239535,1.226707808548647,139.15993721217527,1.4245632376767576,125.97137825272438,0.5405661278860044
87,338.7575607296263,729.4076934438757,918,175.42849251800422,,,3,180.0,0,3.144379900182397,2.061622393653672,48.588534731043055,0.9556638657246015,138.20644979793713,0.33248654178459913
88,955.5862732067442,758.5663163066718,912,167.03608040141938,,,4,240.0,0,5.983236362551344,1.8222603694564286,84.31702455750906,1.203739990456254,90.94476704440862,0.39033415878840155
89,626.5942709778718,627.1174127806498,991,149.9826922726888,,,4,240.0,0,5.939659337203416,3.1359037050372724,33.0513187903147,1.3832017909578924,107.15946274513384,0.1823772175090354
90,0.0,680.2594267941143,1064,71.24169185574745,,,7,390.0,0,6.3688681218711505,2.8185512943810727,125.41372473996253,1.2420532399222348,83.39380021539468,0.5405121882115816
91,1029.3722111568413,10.583590623666371,976,102.65821626522239,,,6,180.0,0,5.402810672623696,3.2091241834929543,100.42828531660598,0.8409621184445566,96.68352587694352,0.17484842708365028
92,108.9558418106743,0.0,1043,132.58413394973385,,,5,240.0,0,2.7461921455449465,2.6224532062556927,39.63411395339903,1.2773762233381332,112.98779627771448,0.20996134400315208
93,539.2495558804444,343.66733220004687,916,88.47141955038299,,,1,30.0,0,4.236376000097671,0.6290781205978168,117.30947683762166,1.4711617309476201,124.10000379180954,0.26856029217725436
94,486.1272709602335,29.917974599773387,919,102.83179827843979,,,5,240.0,0,6.162814751902378,3.341911701177063,40.67499699577898,0.837166943279804,105.67906303169879,0.30264465524482587
95,930.5497446435003,15.191148878551534,1042,90.40069457851472,,,4,90.0,0,3.154090308802447,1.1211534051600858,65.683649708627,1.0439355063922484,110.4432909853878,0.25775625083060755
96,515.866018815516,10.783345178676331,1046,74.66724415947205,,,1,30.0,0,5.728010564523986,1.1535573647725363,29.31234497558193,1.3082975364243605,104.2337018509127,0.34595689176489275
97,959.9836235685009,443.3086424439869,948,110.18192699313933,,,1,120.0,0,7.289386632790837,1.8835714765194833,124.98507543242818,0.7226079335913955,139.36560033368767,0.4633316693682217
98,615.1230037962542,193.7216845041599,909,92.37472384656566,,,2,60.0,0,7.169311245487327,0.7795980567673986,132.35476426915517,1.498011856625856,90.73778952919973,0.1837174348742431
99,1199.9179249786253,0.0,948,72.4846404198702,,,2,60.0,0,6.032522361223672,2.324860445957351,50.83929284034899,1.4097921299818994,98.67542919934557,0.30724188713229694
101,242.52438193952977,728.1589665169303,851,148.9319527372578,51,65,0,210.0,48,5.8202852070280695,3.6539064928837695,139.72306378402536,1.4835940765436688,122.47096551448942,0.33015737725366306
104,345.07571821944924,471.861231738927,836,75.95557623527664,22,28,0,90.0,63,2.8434701134654046,1.70456616551024,45.54070127994217,1.0559887908582604,108.12717913424743,0.42981589336096765
105,537.3485368541261,0.0,832,10.794012537310152,37,55,0,30.0,67,4.221684468351406,2.0786922317586978,26.72708281697799,1.4653029817241725,92.54277822893964,0.2652469789762411
107,846.5075446827218,276.52939718331174,813,206.39289012188536,46,58,1,240.0,86,3.5984079817952193,1.5815833075428842,107.74610719688465,0.9772072442097827,95.73146500389903,0.3551593164683323
109,1041.6006766642888,566.1206233176042,807,60.61292015330475,39,72,0,60.0,92,3.454464572464987,0.9100130516525807,135.35908043910464,1.2978317279716687,129.522973976314,0.2428672335206355
112,1128.1669369584797,0.0,804,85.93212941156256,35,52,0,150.0,95,4.838053050407124,3.295382420427152,54.50587718463568,0.9511787517011264,141.66596907745492,0.34080888862533576
113,106.51325945190523,30.97665197644613,798,62.639714338926915,26,95,0,90.0,101,5.21558055048261,1.2456521724101393,76.99320167262499,0.7909092518414067,122.16892387411693,0.2475496616523692
115,44.05472781233027,63.332652244648905,793,109.92111931044099,54,92,1,150.0,106,3.9663369515809905,2.2831835755806633,108.05667002603779,1.0179828380851865,99.27011166656497,0.20833649776045723
117,1171.2913945950588,493.90035874980623,783,47.37274478553811,50,56,0,60.0,116,2.8937066156684867,2.2549478879305513,111.65753057837958,1.3759584874459359,107.9999785576365,0.16565091832419165
126,876.893551782504,760.0,751,53.631543137833624,60,63,0,60.0,148,5.223918101373635,0.8975247834946137,96.68068466571933,1.1123282273373907,106.52344932068078,0.2950804585285731
128,1199.0667482422577,24.317494438788728,748,10.599497598571864,10,33,0,30.0,151,3.4563284761258775,2.407008449292072,55.83302776537457,1.1025150841181468,90.10750955121635,0.5010542103018616
134,1041.10347532455,417.13097175700227,736,5.917919163443082,29,93,0,0.0,163,4.186236800587055,0.6944400200555971,67.87910307627442,1.4741394167273802,112.48347523666257,0.4919770676392593
135,586.7494953111737,0.0,735,32.1071579495329,6,43,0,30.0,164,4.051258594680313,1.7508771282524431,75.2075793319986,1.3325645017954835,75.29210677202101,0.320189864946725
137,122.21224943359915,697.054604196728,732,102.3041795355645,40,88,0,120.0,167,5.320264080859798,2.092731569164432,74.70001028810171,1.3540522343486836,129.052743566601,0.39258836788139423
142,1192.5311202249507,385.36886934999046,705,99.69979100629457,49,68,0,150.0,194,4.363593511282728,3.6458426428697033,99.88996220375759,1.0179925594714505,108.60980728295812,0.3611688869691495
143,553.2832284929782,760.0,703,21.131596517085857,18,46,0,30.0,196,4.09081537759935,1.8175770909973974,44.07694407919309,1.1214049452176338,87.9957217544152,0.22428956563743957
153,1200.0,760.0,676,21.397097920404978,56,87,0,30.0,223,2.75101202800696,2.663217361302468,62.21465708970154,0.9716964503384814,108.40672470823193,0.31251436244849146
159,50.198422575243015,294.7746871409434,639,60.761412004961045,40,55,0,60.0,260,3.472739749645319,1.6855425953654812,39.26242660699242,1.3715155790116564,145.41817061473068,0.2588845953304654
161,0.0,527.3766929981809,634,56.5706298963892,35,77,0,60.0,265,5.30148775307873,2.0628019786649143,103.63140513251865,1.328249911317297,141.47758482459392,0.4745784092745393
163,926.4601908895654,33.005760927569874,613,41.04892291881875,34,50,0,60.0,286,6.496931772196653,1.7471661118993644,75.24365364603027,0.8998428518090266,114.35320511931015,0.17924041823789177
167,335.8510713374963,418.22375429449744,604,67.0778827551556,13,47,0,90.0,295,5.652321684935743,2.405198556306479,90.64262291062686,1.1729826249056967,112.3220220302941,0.255427642696861
172,238.31813884998564,745.374177491275,590,70.83189469555938,24,27,2,120.0,309,5.975984806346289,1.7826021684237117,117.23583308698171,0.9396292236418263,87.25170862006699,0.51823296882877
175,954.5305866772945,22.222901595977177,581,47.23112179870581,57,60,0,60.0,318,6.160747348246728,1.7871174991772485,65.12262719256691,1.1462168480534616,91.68710109321867,0.2221984904731879
176,0.0,609.0274982891236,578,39.72932108304315,26,37,0,60.0,321,6.166338322018465,2.3644400626793525,131.95992112690016,1.2355637117916525,120.10855582748518,0.2291799602793821
178,251.86094611513406,0.0,574,23.384515725419213,62,85,0,30.0,325,5.1429001534304,2.204316031987662,115.38643915469247,1.2754585864683383,113.54733158142524,0.45306177041138507
180,275.31332822237795,760.0,554,46.96889853053774,65,87,0,60.0,345,4.425842286233139,2.4257761303058913,81.53113481831154,1.0662087730058538,126.78633560681179,0.35486376629182875
181,1136.651515918917,557.5347147808943,553,7.6899265780040515,15,82,0,30.0,346,7.249193125611426,2.8137313202044103,132.4020292454918,1.333313973712055,105.87739189139874,0.4552438098582473
182,660.7059271094945,97.62011807617057,546,80.86019372202193,40,53,0,90.0,353,2.6887135405015363,2.685486520838911,97.71867306624915,1.0865250559270672,117.41013300629939,0.37482137893375544
183,0.3872747307027321,225.45279318622883,543,64.32614607672595,54,59,0,60.0,356,3.341849756542904,1.2423390838630377,78.4558780785651,1.0660987642081414,96.28203991530745,0.46603894922388134
184,485.24968775458484,0.0,534,1.048698351690262,6,99,0,0.0,365,4.974482932205141,2.4142791081427935,55.202540945158276,1.4016428231316327,99.07543615370827,0.5258745422076736
186,486.45120490325894,760.0,525,0.27359702440229045,55,78,0,0.0,374,6.698651504075763,1.8103323100746427,29.93942250330199,1.3230673922354068,116.65602725286136,0.4084493996358908
187,271.9223469615378,226.32636802602102,522,84.69023953821504,43,69,1,90.0,377,3.806147694048433,0.9854998728690967,72.6826020957295,1.364979912567292,76.54539076653367,0.28797905593333545
188,0.0,760.0,517,47.92697826814263,2,7,0,60.0,382,6.493840135598604,3.171763543020149,87.14239028494575,1.300713013070514,123.87437460244631,0.23623884042059953
190,177.04308098894515,470.1407184331563,511,93.33785648584728,5,35,0,90.0,388,4.50621606244977,1.246857526403678,101.07101633160255,1.0823121699579286,115.96562986005301,0.4245264448952545
191,246.97223200440482,0.0,503,57.72573730939386,41,88,0,90.0,396,5.950912479657863,3.572898884895244,92.64213585368299,1.1571628517971049,94.14348099443366,0.3426397154092544
192,496.90400582096555,123.91065274659569,502,55.664189475477734,50,91,0,60.0,397,4.838037698579533,2.243000736921437,105.23138923838326,1.3725934485220008,110.2777022420995,0.1702357040006263
193,443.39330658692074,612.332039035042,499,226.68807922859662,17,90,1,270.0,400,5.8420513911301475,2.9095393583605276,116.98965066861439,1.2872573734376986,85.88874512578805,0.4553606471097583
195,638.7841523267732,758.9631750431088,496,129.68069318942534,12,24,1,150.0,403,5.352731726451708,1.9366360902144977,130.92278506969078,1.1152188999156876,95.98483700808353,0.468626031931151
196,85.28123225060628,424.39574776213226,490,15.504712839871617,1,79,0,30.0,409,6.290425711458866,2.189272058471742,91.11309528088856,0.8679445597427724,133.37510642251723,0.41629020129110234
198,937.2717996202576,245.3067597712233,480,164.17626600558464,22,85,0,180.0,419,5.396519851784597,2.889988632846388,36.72425892429122,1.3722092930759178,110.13669504500177,0.3135880084113371
199,663.4587416740808,103.99633327509304,479,36.0110254848576,18,98,0,30.0,420,6.440076146866934,1.1706786220930037,112.6770813256972,1.3614588000314694,82.38923206273206,0.18814515051157077
200,0.0,672.8939340298305,468,16.004450122362666,48,68,0,30.0,431,6.024743187974098,2.871775219637331,146.9605868204945,0.8947038439232522,110.00915076260563,0.2801322732691228
202,1200.0,578.5337886573242,461,19.92261787236155,10,82,0,30.0,438,3.4233396600211567,3.6983255096655805,77.56179569639622,0.9859885793446086,78.72935470271973,0.4991011065286167
204,1171.4036759133442,542.8269375953737,443,16.428457290724356,39,72,0,0.0,456,3.4806036501178848,0.8884178515760106,132.57647385822105,1.2913973431277292,129.62896739573907,0.22070089385509373
205,158.31022953610085,22.23828274260965,433,70.10665842584429,54,59,0,60.0,466,3.512230346998923,1.2685009546654387,122.21928305971508,0.9973228437243576,95.75180253453458,0.41288705445460766
206,922.6533854520632,449.49421512992376,432,164.04413872937815,19,78,2,210.0,467,5.074042224010219,3.006983585168984,144.03116778034914,0.9881057777792372,123.421525265549,0.4866936595517307
207,0.0,333.41852066903834,425,30.087938325012335,16,67,0,30.0,474,5.913069492466247,2.7069945546721526,72.52481823012212,1.4248761558530234,73.67469398152019,0.5049858068379993
208,941.7872074430577,648.4193564209119,417,42.12740709538563,2,81,0,60.0,482,6.093152036372735,3.597488766515803,75.97030534851754,1.1735015368030268,128.03497419325936,0.3458275472273211
209,60.431271677765245,0.0,406,76.85281848565562,7,17,0,90.0,493,6.253716988906458,3.3704643480630025,77.90621193602017,1.3220493288038957,107.88362349079631,0.2745887396998602
210,0.0,0.0,393,12.858452906105624,46,79,0,0.0,506,4.266525628652499,1.8507997713924893,39.82374607606196,0.8732622254955448,84.28047306746022,0.37636887840457284
211,1128.4029094641537,611.9944968223261,391,120.82603848861044,50,91,0,120.0,508,4.50679391951117,2.6040605162465305,106.76673271404982,1.165816890324665,107.29001834123305,0.15943584218292906
212,20.722588701770768,733.6228969470192,389,2.8851442794469295,53,90,0,0.0,510,4.307114622016462,2.5952243591729407,115.495591264019,1.0914093425718774,90.18294084284788,0.5387672871240435
213,1200.0,760.0,378,60.10134967695151,6,22,0,60.0,521,3.7465429444922345,2.955986916801094,75.04911636862181,1.0700175034428816,107.33807846854938,0.3256149231819208
214,104.18809802289253,48.940898463439225,372,33.189609880556425,56,95,0,30.0,527,2.9576001119515025,3.6048091130533217,108.21913177833453,1.348830713615683,105.26456401458303,0.25335107238624094
215,1039.154377216563,7.525163227635627,369,32.21610181696303,15,82,0,30.0,530,3.658049395724883,3.3116059997874014,123.0152643198254,1.2735070223944078,102.75721546708724,0.4677551073439131
216,222.7555706069635,719.1567271572227,363,15.428281814282094,32,48,0,0.0,536,3.6709417057402787,2.1207697147026408,125.20802217303921,1.4896882364043367,84.90150626802699,0.42301329227026674
217,224.20770735224042,355.93392529854765,363,60.02524805115105,52,63,0,60.0,536,5.073357784322558,2.2694364562195317,65.37642358577791,0.8708373207594597,101.39437281049152,0.1869690187008779
218,1200.0,760.0,342,53.02979055648939,19,41,0,60.0,557,4.64506937504791,3.3537302783856306,121.50010788406328,0.7506224806091157,130.22026188958802,0.516684369340585
219,963.7510410374308,614.1023203006666,338,45.64641315985566,42,72,0,30.0,561,4.141997247373395,1.5395750446365657,136.83825978346556,1.29160246514011,104.9536217416197,0.24350343753756024
220,658.2062264298331,0.0,327,48.515337579872146,68,89,0,60.0,572,5.023601477736977,3.875578560195319,39.82475690816996,1.268345644505576,108.78158090509035,0.28434930359554533
221,644.5332633116021,185.4847363820907,323,46.554592878834924,54,59,0,30.0,576,4.31389313256423,1.1836011496100287,150.0,1.0900036714743297,95.87371267971142,0.2785707114455531
222,0.0,760.0,313,13.415550081416031,17,81,0,0.0,586,6.14287838985123,3.3297683742959565,77.304631462701,1.405952995004048,91.8486577596633,0.4326157932299868
223,1200.0,760.0,308,5.698016780664117,47,57,0,0.0,591,5.620517745743096,2.4900490442615064,114.38027852402794,0.8131050146780472,113.71019691823986,0.22736021911508125
224,162.779416918815,421.8562088951587,305,97.04300135494294,65,75,0,90.0,594,4.974503557993047,2.8717067135123937,120.29121315489972,1.4550466287906043,89.7630241839372,0.35149844945699343
225,390.2742515311234,549.2104625839029,304,13.876777331848723,16,45,0,0.0,595,6.175893861352703,0.9304146339577317,83.32839185075618,0.903671018799799,90.12481168204751,0.23402389779812147
226,40.40313378739257,758.3834766333539,289,6.623699756461563,2,90,0,0.0,610,6.2802181135434125,2.6256337954768285,118.94084195846659,1.0485702505982941,90.40304074342414,0.3579219417521263
227,467.0775082548641,0.0,265,42.95693023626604,22,56,0,30.0,634,2.5,3.3716251920418854,91.33799898833931,1.4263055345104492,102.16976251388184,0.25028888489561885
228,330.2839299801134,642.956588310778,263,12.180340164112039,27,172,0,0.0,636,5.999661498294038,1.7778962779780305,117.25859976323636,0.8930443354700421,87.12676886441858,0.3890772917953579
229,260.39169423518996,701.2400930027717,258,5.640755538897349,7,48,0,0.0,641,7.1654071958799666,2.8267880562150505,104.93857210556965,1.3201851275691876,105.87226274869639,0.241759086810086
230,953.3138909838103,760.0,258,17.114830693391347,52,78,0,0.0,641,5.2666838372718034,2.032307793216487,65.85634590832477,1.0636387460985364,87.17646886028224,0.34166664800059415
231,1200.0,153.0640445383499,247,10.850097610518539,10,24,0,0.0,652,3.524097576897633,3.2191735680830655,77.93420662023244,0.7359661304689042,75.36423253582004,0.5226177464268071
232,1200.0,760.0,233,16.35352921362431,41,72,0,0.0,666,4.3185124064276295,2.526379547022765,125.03590346344933,1.1212133099546429,112.4135696586714,0.2636670782542728
233,502.09097575837353,39.478325476986626,231,18.938807085666383,37,59,0,0.0,668,4.484016531543776,1.8733541936014624,84.79235633682693,1.1051976890999289,91.33617262928146,0.40777310882206996
234,767.5859876014056,518.350521381449,224,71.10832387625071,63,87,0,60.0,675,5.85218021573516,1.9798597717886068,85.64543971688626,0.7120519351709144,132.62501246684016,0.22625189681848296
235,1200.0,466.0240172750729,222,68.62647334448711,6,70,0,60.0,677,5.10185283611488,2.8999817766943945,80.15207237996306,0.9582305096889719,100.7342172071213,0.49154598642244807
236,155.26987598139434,0.0,218,58.20790599338816,68,89,0,60.0,681,5.912065203307742,4.0,74.58615286680454,1.1968333649579466,108.7503972115521,0.3402265430144311
237,962.166517395803,573.2666466104753,215,102.78593034624942,19,47,0,90.0,684,4.644435965001349,2.7030662448680616,101.91380031810435,0.9567156248100332,133.87251725186414,0.4561368015880876
238,0.0,591.9370174390859,204,42.94043477950115,65,94,0,30.0,695,4.885550048870533,3.4927545708866075,44.09321500575453,1.3539773665820347,108.19779544962248,0.34020497696505564
239,898.2249083868384,460.98433916517666,189,47.72675458442242,82,107,0,30.0,710,3.1911660707097727,2.7222647984653707,120.38224500782408,1.0871472919337468,96.18733902330388,0.3991965145594587
240,715.6129851282575,757.924226813932,179,18.379138249041794,88,206,0,0.0,720,5.768623409733896,2.0701472189628287,102.20855221620181,1.021356232446097,113.82171605170466,0.4821312629522196
241,1125.4360056924038,162.3005346490179,163,50.12943427568836,62,85,0,30.0,736,5.155932711452693,2.2589791519259452,123.9307711720634,1.216483695008777,114.04179240686028,0.4967444594329967
242,314.69870279617317,634.0979031157412,160,50.000342167303344,27,172,0,30.0,739,5.98587361421576,1.778864696292068,117.36903069464594,0.8941963989860549,84.73645489559688,0.36645839966404703
243,1123.9568193191822,760.0,158,48.501632397117284,42,52,0,30.0,741,4.8970490197545935,2.5367687373923724,63.39671149452935,0.8303793063985017,84.03140975048305,0.27889954697636876
244,1017.8016648782202,222.82464003476932,158,80.1086950237329,56,95,0,60.0,741,3.1212257213425736,2.719026147918525,76.22523199909372,1.0681242184394522,101.39809415834338,0.2566260811142303
245,194.22271052501227,760.0,153,52.20180416632831,48,90,0,30.0,746,6.3986731054299275,1.8003599094774934,127.32533442203221,1.2696928308454798,102.1692482647225,0.5219452395237499
246,94.74562282307888,455.74711270219325,148,18.741777157567437,26,77,0,0.0,751,6.724050451370606,2.075181653710075,131.66053131990574,0.9101874001306938,129.9963720670301,0.34149512926548414
247,928.5701730816788,44.65521278832827,146,49.18463126228828,22,91,0,30.0,753,4.189866667753358,2.983208790884562,98.90221608488271,1.1260141661039953,105.22979453710887,0.2262963098703341
248,336.2240454639426,0.0,129,26.08924026651388,37,92,0,0.0,770,4.498740968750489,2.6198111493900513,63.90393246761063,1.489710669102473,100.11439516068864,0.2865382146997701
249,189.04399588493456,138.2884446468842,120,21.686017497329388,68,75,0,0.0,779,5.192020587449027,2.4597785160292194,104.69574242274822,1.10324063717179,110.77470074189233,0.36799660216887886
250,835.7106367411945,701.3186428539418,93,25.399551673422803,78,195,0,0.0,806,6.643896586297556,1.7476876161987964,140.66088907272317,1.1103326497728083,99.04174177292796,0.4512237869047559
251,442.99468784410595,270.7149794556082,93,26.038543825223655,94,187,0,0.0,806,3.9023406980614177,1.8023710172780438,58.12503584002819,0.9412792669007766,99.33435037673898,0.3008868086904737
252,615.1257493177868,233.10429687525547,89,23.001466670904136,33,70,0,0.0,810,6.559211358653023,2.634065780711999,71.40925981852408,1.0909569961830268,127.09710463147306,0.2618182120122699
253,1139.226843070681,513.9625377985402,88,20.87399539915558,41,57,0,0.0,811,6.088384030186125,3.0874814848012644,124.7677896724137,0.7363017536996034,96.62161048865573,0.22065510999374027
254,569.6920081832407,527.1573362577356,87,22.633301249823887,17,89,0,0.0,812,5.9148850442458345,3.1410521270347687,58.85154827984522,1.2991183320404687,107.17703324851257,0.4028998891903548
255,924.6690997386535,760.0,82,27.077076793274742,47,88,0,0.0,817,5.660806753540278,2.0524255847024815,88.86043783181076,1.1203588927580026,110.99861256280175,0.4086948695246888
256,276.60679214661957,612.08897310516,70,83.13003410374486,7,16,0,60.0,829,6.048931934235815,3.610648309829827,60.99873751277788,1.4926869722608322,90.60234375174986,0.2907447221329249
257,356.6824832012861,474.7272018606849,69,55.75807668984073,63,193,0,30.0,830,5.634516484685488,2.7140692105928212,120.71677005896476,1.2861904544653753,89.28464572922316,0.19337303706826053
258,93.75604176955042,131.3674368768539,53,27.736047003979802,67,115,0,0.0,846,5.803324107676882,2.2398575167566537,106.41774049344845,1.1963798363970473,94.94255193267409,0.2636231520883482
259,1136.5097402856752,712.6399669215331,52,26.340130987580505,42,52,0,0.0,847,4.890856367527158,3.0953290447263293,129.0237625468653,0.7821118348126554,87.27064897608247,0.3081846118605037
260,686.8628339942825,218.34230039930986,51,29.487941465508694,54,56,0,0.0,848,3.2840263128529417,1.6609486932372763,137.97497705746952,1.1808907975379754,97.17876820319927,0.17160421946629445
261,935.3500235716099,455.844565329968,40,29.66862126517021,24,206,0,0.0,859,3.567309058562474,2.1384925244789055,123.63179890983398,1.0672095910285093,118.89193712625749,0.5118691799334215
262,1163.5000397909619,0.0,36,29.679674740566668,44,91,0,0.0,863,6.132740369438338,3.1345045424960816,99.94005811309985,1.4083631393317015,101.88774246329633,0.31511678289064393
263,139.7282179174382,25.27080446318823,14,31.03532606206489,37,92,0,0.0,885,4.411185582287917,2.6059310874980612,45.11033826503294,1.4775200877456365,95.07185215226613,0.2542239466994781
264,542.0868397531341,459.60890509925423,6,31.72851108504027,6,66,0,0.0,893,3.744043810116211,2.015880711896374,105.45070483367729,1.4446915751721887,110.26870335015897,0.22704824692051223
